,ptb,mmd,braycurtis,canberra,chebyshev,cityblock,correlation,cosine,euclidean,jensenshannon,minkowski_p1.5,sqeuclidean,mode
0,NOL11,0.2530989944934845,1.0253687987492786,377.26758675292024,5.556645,573.201,1.013005775399506,1.0129140093922615,31.717477798461914,inf,81.09924441857493,1005.9984,train
1,RPS29,0.2212577760219574,0.9917374543480996,371.5467254661954,5.0324163,567.1437,0.9934222782030702,0.992258695885539,31.623517990112305,inf,80.4632437291584,1000.0468,train
2,EIF2B5,0.23948310315608978,0.9322657075872312,360.4813572343443,4.4002876,551.0166,0.9259068816900253,0.9251419305801392,30.314067840576172,inf,77.85719997653871,918.94275,train
3,PSMA4,0.222810298204422,0.9793309190902062,360.1986999181086,4.1632204,558.4082,0.9777459502220154,0.9777309931814671,30.871662139892578,inf,79.04393343993117,953.0595,train
4,XPO1,0.2856180667877197,1.0442595548326832,368.1162373281143,4.7666063,572.02527,1.046198759227991,1.0457717403769493,32.164344787597656,inf,81.62548494509474,1034.5452,train
5,RPS20,0.22022518515586853,0.951566244152765,364.5843630259243,4.6146097,555.1842,0.9531309381127357,0.9526427984237671,30.80857276916504,inf,78.68988422450435,949.16815,train
6,HSPA8,0.23008444905281067,0.9868121098840525,373.14006988933124,4.3472776,561.4553,0.9661052189767361,0.966722410172224,30.777156829833984,inf,79.08208039211509,947.2334,train
7,DSN1,0.22952893376350403,1.023268777567167,370.81366143283105,4.4834166,573.3234,1.0211689602583647,1.021900836378336,31.708145141601562,inf,81.14963884629339,1005.4065,train
8,PRELID3B,0.2211601734161377,0.9698996089660906,360.1158351545465,4.4531956,559.625,0.9899662239477038,0.9890241734683514,31.111845016479492,inf,79.42341034922038,967.9469,train
9,COPS4,0.21230344474315643,0.944751655044603,353.29664635920346,4.6673207,552.8522,0.9651281349360943,0.9647482745349407,30.932615280151367,inf,78.79726611539726,956.8266,train
10,CENPJ,0.2237309217453003,0.9219177275141924,356.1557096853839,4.618721,540.6998,0.9194664731621742,0.9199563637375832,29.81773567199707,inf,76.3332919087134,889.09735,train
11,RPL36,0.32077300548553467,0.9744037527903834,365.6910128217025,4.9079523,566.3259,0.9825793113559484,0.9833080861717463,31.272274017333984,inf,80.11530995109501,977.9552,train
12,EIF4E,0.2214202880859375,0.9683408540352253,356.49688901228626,4.4575224,562.35754,1.0005686965887435,0.9996922456193715,31.60112190246582,inf,80.47412565090255,998.63086,train
13,DONSON,0.200852632522583,0.9505615092046844,363.1850279552641,3.9257886,538.231,0.9361529871821404,0.9357903376221657,29.586458206176758,inf,75.91877148753444,875.3585,train
14,RPL14,0.2864890992641449,0.9426288207529444,363.42281905936034,4.3957853,549.2384,0.9557480625808239,0.9560413956642151,30.423954010009766,inf,77.78981642583973,925.617,train
15,PMF1,0.22917822003364563,0.996155788775533,367.62579773814,4.3661137,563.0091,1.002474089153111,1.0015242400113493,31.1600341796875,inf,79.78542026721001,970.94775,train
16,DDX24,0.23645173013210297,0.9467420455314635,358.9570254964958,4.651266,571.06506,0.9505760744214058,0.9513595439493656,31.58049774169922,inf,80.83571854061674,997.3279,train
17,INTS8,0.3047615587711334,1.022980395658729,367.6136403680773,5.0777187,575.9351,1.0133431386202574,1.0119740283116698,32.097618103027344,inf,81.81441677701888,1030.2572,train
18,COPS8,0.19573143124580383,1.0298726646288392,373.74211539653356,3.9925215,574.62756,0.9923673183657229,0.9919254900887609,31.25418472290039,inf,80.61338922316475,976.8241,train
19,PIAS4,0.21394994854927063,1.0648668042722316,373.59451866985273,4.2093163,580.3306,1.0545769408345222,1.0534013248980045,31.93663787841797,inf,81.9039721748417,1019.9487,train
20,MED22,0.2746460437774658,1.0109918825391315,362.0881143274687,4.8691244,575.12396,1.033385757356882,1.0336138680577278,32.419044494628906,inf,82.33410320533467,1050.9946,train
21,GAB2,0.26437169313430786,0.952403887552394,363.38244156553424,4.363154,543.502,0.9626202024519444,0.9626440554857254,29.94097137451172,inf,76.8532861992738,896.46173,train
22,PSMD7,0.2189273089170456,0.980165633775492,365.18706087255373,3.7830088,554.1658,0.9674455560743809,0.9684516228735447,30.617664337158203,inf,78.52564329511944,937.4414,train
23,POLR2A,0.242677703499794,1.0367677488037452,373.7096090084055,3.892744,577.63043,1.0238259881734848,1.0253126006573439,31.533218383789062,inf,81.19104046797288,994.3438,train
24,NUP54,0.2262057065963745,0.9803166968781136,365.60662978199366,4.0981264,552.8386,0.9838956873863935,0.9840069804340601,30.593809127807617,inf,78.26908715849416,935.9811,train
25,IGBP1,0.20038250088691711,1.007256736921253,368.82765194800595,3.9059515,562.3053,1.02095527946949,1.0206866338849068,31.334810256958008,inf,79.96568065563363,981.8703,train
26,POLR2F,0.23368534445762634,1.0586011224046885,369.4929707861966,4.7697716,563.0846,1.0496801175177097,1.0513317547738552,31.102378845214844,inf,79.73865673320442,967.35803,train
27,CNOT3,0.2451024353504181,0.9277541476817932,347.78447025300875,4.5540357,550.04297,0.956644419580698,0.9549341350793839,30.95256233215332,inf,78.733771170397,958.0611,train
28,PELO,0.19627094268798828,0.9846393775195328,359.51392972212307,4.5704856,553.69556,1.0050442810170352,1.005861734971404,31.007709503173828,inf,78.90208293401159,961.47797,train
29,RPL11,0.2110648900270462,1.0362305747013723,368.3043645090595,5.250098,567.15515,1.0419171825051308,1.0415026135742664,31.676925659179688,inf,80.73451903954306,1003.4277,train
30,RPL12,0.23474028706550598,1.074703210798463,377.2371467325644,4.218789,569.71045,1.0645124912261963,1.0652746558189392,31.660812377929688,inf,80.84314959299087,1002.40704,train
31,PHB,0.32863038778305054,0.9422686920553286,354.07841152851023,3.9517224,537.9318,0.9723633509129286,0.9717937298119068,30.256715774536133,inf,76.92653005643452,915.4689,train
32,RPL27A,0.27460622787475586,0.9575151852448479,358.1427214680927,4.1706676,537.80396,0.9821197483688593,0.9815547727048397,30.313764572143555,inf,77.038778290004,918.9243,train
33,USP39,0.22631238400936127,0.9962356528909388,354.03349551436577,4.92172,552.7948,1.0265865754336119,1.0266986060887575,31.274917602539062,inf,79.36550576289724,978.1204,train
34,ISCA2,0.19031673669815063,1.0136325742582761,366.30493312571343,4.683752,575.9407,1.0114581193774939,1.0105802230536938,31.690235137939453,inf,81.35113701634717,1004.27094,train
35,ARGLU1,0.1995430886745453,0.9718231743744626,361.40481111557335,5.1186395,545.85925,0.9855823963880539,0.9853814309462905,30.611204147338867,inf,77.78635628703344,937.0459,train
36,HMGCS1,0.19773048162460327,0.9653524010973388,354.0220224778434,4.8212886,545.90735,0.9776123687624931,0.9783740676939487,30.93848419189453,inf,78.48532669961736,957.1898,train
37,RARS,0.2469308078289032,1.017285751230802,368.52230039901696,4.102805,548.09143,1.0045392434112728,1.0058940276503563,30.47447967529297,inf,77.79603986849199,928.694,train
38,LSM2,0.2656264901161194,0.9683511364812458,360.66300575797356,5.2557783,554.8763,0.9846342336386442,0.9871449172496796,31.146615982055664,inf,79.17168222185059,970.1117,train
39,SF3A2,0.21850159764289856,0.9261567091617533,352.4803103279154,4.004194,544.7877,0.9358227401971817,0.9352476373314857,30.572765350341797,inf,77.83794128577262,934.694,train
40,POLR2B,0.22734934091567993,1.0357877077285824,362.8784890260422,5.2142344,561.2795,1.0167791489511728,1.0154726253822446,31.32854652404785,inf,79.90264246753738,981.4779,train
41,PSMB6,0.2394849956035614,1.0103742757542165,360.10040618743284,4.010743,556.4127,1.0100647462531924,1.0096199428662658,30.992294311523438,inf,79.15543799295286,960.5223,train
42,PSMD12,0.22708603739738464,0.9197969531736869,360.9163898547257,4.3497586,554.7577,0.915799506008625,0.9147002249956131,30.090259552001953,inf,77.66098736479762,905.4238,train
43,PSMA3,0.2373892366886139,0.9275493965069652,360.76389531467544,3.8401988,543.59204,0.906157948076725,0.9057823270559311,29.67583465576172,inf,76.4104993094862,880.6552,train
44,MED10,0.22893300652503967,0.9871381538611043,363.3716151450975,4.757296,548.1012,0.9860164662823081,0.9854745883494616,30.561166763305664,inf,78.0245341371058,933.98486,train
45,SNRPB,0.20778396725654602,1.1363530855054473,385.00750493752946,3.6365232,585.5832,1.0849181339144707,1.0854004472494125,31.866933822631836,inf,82.29217373443842,1015.5014,train
46,C1QBP,0.19781139492988586,1.040438643660312,372.3310232055944,3.9852772,582.49,1.017523143440485,1.0182870291173458,31.662721633911133,inf,81.72330898725123,1002.5279,train
47,TRRAP,0.24614617228507996,0.9534816819232458,366.27765754040047,4.957857,549.7036,0.9590917266905308,0.9600009918212891,30.182533264160156,inf,77.49430599884776,910.98535,train
48,NELFCD,0.2093195766210556,1.0321033091081302,365.78949414406804,4.3593187,597.1664,1.0476924069225788,1.0480837523937225,33.159690856933594,inf,84.81611341361396,1099.5652,train
49,MED19,0.3184695839881897,0.9969334192184408,366.77084542887025,4.210191,551.7184,1.0068896701559424,1.0059586525894701,30.765472412109375,inf,78.43727217810878,946.5143,train
50,SF3B2,0.2078174650669098,0.9710715797167913,363.86603238034155,4.6244383,555.9453,0.9618190117180347,0.9614261984825134,30.742109298706055,inf,78.71565191725281,945.0773,train
51,MED6,0.2955924868583679,0.9678393532701595,365.70844057265055,4.574892,561.65265,0.961732879281044,0.9629521891474724,30.735897064208984,inf,79.00212413240266,944.6953,train
52,NAA38,0.26672112941741943,1.0108569410133983,371.97478964105744,4.4109173,563.33325,0.9804668202996254,0.9802534449845552,30.968467712402344,inf,79.54761481280472,959.046,train
53,SKP2,0.19554764032363892,0.9290079803335706,348.0652930730613,4.148594,548.3655,0.9401395134627819,0.9396913200616837,30.605453491210938,inf,78.18705977997674,936.6938,train
54,RFC3,0.21726728975772858,1.0609081562747964,373.03443661452695,4.4434743,569.7887,1.0573719628155231,1.058799758553505,31.59746551513672,inf,80.78301252918878,998.39984,train
55,SF3B3,0.2116885781288147,0.9523253060013167,365.7670229634333,3.8469338,530.21796,0.9351675808429718,0.934944286942482,29.207061767578125,inf,74.85328293868099,853.0524,train
56,VPS54,0.19319482147693634,1.0167433634149792,365.49465971578104,4.1060863,555.7627,1.024031426757574,1.0230141337960958,31.106464385986328,inf,79.35662641002175,967.6122,train
57,TPX2,0.199276864528656,1.0629602938606726,372.7406380700347,4.5179744,582.54285,1.0560237020254135,1.0547482520341873,32.60682678222656,inf,82.9621948589097,1063.2051,train
58,MRPL14,0.19886913895606995,0.9330519678888899,356.0043617569469,3.878566,538.47485,0.925564132630825,0.9248278811573982,29.760452270507812,inf,76.28360933734426,885.6846,train
59,HEATR1,0.2570728063583374,0.9692381613310774,354.884808283375,4.741838,571.95044,1.00166049413383,1.0022105490788817,32.21891403198242,inf,81.7527298383567,1038.0585,train
60,EIF2B4,0.2556033730506897,0.9408359169034624,361.56161873342114,4.3520646,539.7143,0.9446360692381859,0.9457495734095573,29.933147430419922,inf,76.37366048181127,895.9933,train
61,CRNKL1,0.187311053276062,0.9373018387868111,356.51270070532524,5.058516,536.94385,0.9291436821222305,0.9285445958375931,29.772560119628906,inf,76.10494255705683,886.4053,train
62,LSM6,0.25975364446640015,1.0646340228813442,362.7875883051803,5.098261,581.9713,1.0925218537449837,1.0908707082271576,33.15895080566406,inf,83.93764417506952,1099.5161,train
63,NUMA1,0.1983797550201416,1.0056584606856924,360.52363380114343,4.0206556,564.9841,1.012046717107296,1.0111264251172543,31.26824188232422,inf,80.15416913762563,977.703,train
64,COPS6,0.20812666416168213,0.980202101043507,363.1153526180812,4.257021,574.2321,0.9788341782987118,0.9797032214701176,31.88681983947754,inf,81.50669539528845,1016.7693,train
65,GNL2,0.22262731194496155,1.0516937551411152,368.4125993448391,4.0585485,557.0727,1.0661277398467064,1.0668649524450302,31.233461380004883,inf,79.55073533347147,975.52905,train
66,CCDC86,0.23014767467975616,1.0267477572435277,373.02089845229375,3.9389877,560.4048,1.0132055021822453,1.0125431856140494,30.809858322143555,inf,79.08758476477719,949.2473,train
67,EIF3E,0.23044997453689575,0.9540293705764697,359.6289896995262,4.3518147,555.33014,0.9620191939175129,0.962533637881279,30.850831985473633,inf,78.78044237827842,951.7738,train
68,GFER,0.20354518294334412,1.092369706690239,381.55024346269295,4.489727,585.66406,1.0979984775185585,1.0974844694137573,32.27260208129883,inf,82.66880655640239,1041.5209,train
69,SLU7,0.28130578994750977,0.9683931959114431,368.1331672570435,4.0077868,566.63794,0.9575515761971474,0.9572531171143055,30.9193172454834,inf,79.5539789677113,956.00415,train
70,NCBP2,0.25689947605133057,0.9565579201481945,368.3688164660798,4.785673,568.9004,0.9358169585466385,0.9349559769034386,30.9915828704834,inf,79.89810854882073,960.4782,train
71,RBMX2,0.23288172483444214,1.023334031179162,369.2674341494519,4.303153,563.4267,1.0444064177572727,1.0448803938925266,31.73211669921875,inf,80.62456462717846,1006.92737,train
72,RCC1,0.1912861168384552,0.9713196400660563,364.5370143551057,3.917497,561.9911,0.9738185629248619,0.9745696447789669,30.847705841064453,inf,79.19145018822067,951.58093,train
73,EIF2B2,0.24182482063770294,0.967023976042086,362.32898637788145,3.9769347,554.1148,0.9705764856189489,0.9696744419634342,30.43891143798828,inf,78.2413369985156,926.5272,train
74,COPA,0.19645372033119202,0.958911491684288,361.8268994936664,5.6269903,565.1902,0.9541273303329945,0.9543964825570583,31.32964324951172,inf,80.07369485407945,981.5466,train
75,NUF2,0.1895323246717453,1.0545677127511244,377.28818505639464,4.210199,584.9464,1.0336374789476395,1.032617311924696,31.779891967773438,inf,81.93424164452634,1009.9616,train
76,RPL7,0.2604461908340454,0.9944697014501991,368.4468333911286,4.3820777,562.4281,1.0117504661902785,1.0116863129660487,30.946027755737305,inf,79.34782421551508,957.6566,train
77,DLD,0.2502668499946594,0.9362636453110865,359.14997472008554,4.410365,539.8142,0.9285869896411896,0.9306809529662132,29.806779861450195,inf,76.28211851708754,888.4441,train
78,NRDE2,0.24345292150974274,0.9475462851484803,356.3803145723139,5.028363,549.68274,0.9653465859591961,0.9658204205334187,30.647842407226562,inf,78.09946887795475,939.29016,train
79,PSMB7,0.210251122713089,0.9254296871014497,359.10770231197057,3.9998155,540.0925,0.9238846376538277,0.9235154688358307,29.88811492919922,inf,76.55704045326623,893.29944,train
80,GFM1,0.19668468832969666,0.9581444732387826,358.3797449477253,4.381562,548.9553,0.9708891864866018,0.9706594403833151,30.224355697631836,inf,77.53420017043118,913.51166,train
81,RPL30,0.22909940779209137,1.0038647748531062,358.77792410022334,4.212748,563.5381,1.021778415888548,1.021022405475378,31.583118438720703,inf,80.51257617034855,997.49335,train
82,NACA,0.2597845792770386,0.9609533907818049,357.61776744656885,4.126367,555.56433,0.9621495008468628,0.9623600542545319,30.825796127319336,inf,78.77690320544174,950.2298,train
83,RPS17,0.24316754937171936,1.018729875550902,362.0971524501731,4.225124,559.27844,1.0339593105018139,1.031766314059496,31.502521514892578,inf,80.19504089123083,992.40875,train
84,INTS9,0.26333463191986084,1.0023297751147613,359.41142504221955,4.2276297,576.0675,1.0066323140636086,1.0086251813918352,32.067039489746094,inf,81.9590446845582,1028.2949,train
85,UXT,0.2125108391046524,0.9651550736942127,365.70519678296375,4.697198,541.5412,0.9660864174365997,0.9656976871192455,29.959203720092773,inf,76.69709488160306,897.55396,train
86,DYNLRB1,0.19354037940502167,1.0022772875250936,368.41335336955177,4.531462,561.3313,0.9972578966990113,0.9970073164440691,30.70644760131836,inf,78.98181511704594,942.886,train
87,RPA2,0.22413663566112518,1.0155855558318894,368.4376383769529,4.3439274,563.1826,1.0115836020559072,1.0118642440065742,31.332897186279297,inf,79.96602647563267,981.75037,train
88,CCNK,0.1938851922750473,1.0459454857621426,370.6293877490005,4.475745,558.019,1.0279260277748108,1.028530564159155,30.839139938354492,inf,78.97988296920687,951.05255,train
89,NSRP1,0.22887450456619263,0.997258462260788,365.1282906414376,4.258193,569.1484,0.9807209298014641,0.9809218440204859,31.541166305541992,inf,80.7034230205507,994.84515,train
90,PSMC4,0.26545754075050354,1.0353553028059665,369.03957912431144,4.589223,566.9955,1.0362148992717266,1.0369042716920376,31.495439529418945,inf,80.42780774546272,991.9627,train
91,EIF4G1,0.21153809130191803,1.0397352340130894,369.6771450209502,4.113589,580.2595,1.0565453991293907,1.055841263383627,32.187034606933594,inf,82.24401499250274,1036.0051,train
92,TIMM23B,0.239060640335083,1.0855297269802089,376.0278504341914,4.4048605,598.74896,1.0803311094641685,1.0816713720560074,32.96571350097656,inf,84.63398398503602,1086.7382,train
93,NLE1,0.23334918916225433,0.9589318922129142,355.7618419779671,3.595447,554.58484,0.9773905947804451,0.9770290050655603,30.643495559692383,inf,78.55642830322726,939.0238,train
94,LSM5,0.19442756474018097,0.9449090879295327,357.06646434659626,4.601079,552.8157,0.9394572228193283,0.9379015378654003,30.603307723999023,inf,78.34322904576425,936.56244,train
95,WDR26,0.19061565399169922,1.0536314726829623,373.89353472889604,4.7101016,577.23114,1.0360832251608372,1.03666340559721,31.65181541442871,inf,81.31422994745961,1001.83746,train
96,PSMC2,0.2186342477798462,0.9891043874431932,373.60946294675244,4.847522,562.17755,0.9612506590783596,0.9618236795067787,30.420080184936523,inf,78.46413325852033,925.3812,train
97,POLR3E,0.1934707760810852,0.9583131821705003,347.7000991777736,4.349089,544.14307,0.970475148409605,0.9707722160965204,30.826601028442383,inf,78.17585876212338,950.27936,train
98,BCAS2,0.22375249862670898,1.005755146378386,368.37001820125283,3.9754229,569.1594,0.9993351502344012,0.9978380084503442,31.298110961914062,inf,80.44502540931958,979.5718,train
99,YTHDC1,0.21113534271717072,0.982179114062422,374.53730913194374,5.726529,568.6339,0.9831433482468128,0.9841985274106264,31.1829776763916,inf,79.9632280423406,972.37805,train
100,SART1,0.22116783261299133,0.991572982352013,371.9786973936543,4.9101896,572.0635,0.9822487141937017,0.9818053413182497,31.026756286621094,inf,79.98559593904065,962.65955,train
101,MBTPS2,0.19000181555747986,0.9616684899931277,359.85659631247495,4.4956717,552.8227,0.9909469708800316,0.991703518666327,31.22823715209961,inf,79.12451813176591,975.20276,train
102,PSMD4,0.22675228118896484,1.010785796379237,365.3329380330342,4.323811,557.79333,1.0236537996679544,1.024052981287241,31.008928298950195,inf,79.11693818470702,961.5537,train
103,RPL13,0.23769456148147583,1.0133795545445632,371.3668521114523,4.62921,566.9407,1.0224380232393742,1.0218936540186405,31.043874740600586,inf,79.79128296627383,963.72217,train
104,RRP12,0.24853113293647766,1.0213108209868165,368.60009117421,5.153272,586.7499,1.0265343599021435,1.0251924097537994,32.92407989501953,inf,83.73000025893786,1083.9949,train
105,WDR36,0.24247248470783234,0.9786155961530298,365.8578518692521,4.961515,552.33777,0.9581867791712284,0.9576506651937962,30.492231369018555,inf,78.05886738017894,929.7761,train
106,RPSA,0.2563965618610382,0.9853092735607569,361.44210861575607,5.7850294,565.63416,0.9853526288643479,0.9857378508895636,31.679445266723633,inf,80.58631307384071,1003.5873,train
107,RPL37,0.21241313219070435,0.9635465212197266,360.94959952005973,5.0712814,566.4802,0.9942026021890342,0.9958999664522707,32.07301712036133,inf,81.15178438446237,1028.6785,train
108,EEF2,0.20368340611457825,0.9142011328339461,361.3458596720574,4.11479,533.8977,0.9112076535820961,0.9096046835184097,29.23625373840332,inf,75.10601137204767,854.75854,train
109,DHX16,0.22043238580226898,0.9434531573649199,362.5807794460114,4.5478487,562.3919,0.9406354762613773,0.9404714964330196,31.20391082763672,inf,79.72289874429333,973.68396,train
110,ACTR8,0.20893637835979462,0.9776961151478124,364.3012129966363,5.0982027,546.7948,0.9954735455103219,0.9958336325362325,30.489757537841797,inf,77.62680640754171,929.6253,train
111,EXOSC2,0.282301664352417,0.9925273982166445,373.03104394583016,3.990325,556.91785,0.9776845760643482,0.9778003022074699,30.378725051879883,inf,78.24867404340738,922.86694,train
112,DHODH,0.1969190537929535,0.9774293659606853,357.6998792633447,4.924386,561.93317,0.9840047433972359,0.9846017612144351,31.624338150024414,inf,80.3415101788478,1000.09875,train
113,BUB3,0.19636669754981995,1.0032680658263322,369.4599954578157,4.8460636,558.7428,1.0158543419092894,1.015315368771553,30.87039566040039,inf,78.95045371072956,952.9813,train
114,SNRPG,0.23273316025733948,1.0333324550218672,360.5209617594092,4.6042743,581.33374,1.0445965640246868,1.0425215736031532,32.76245880126953,inf,83.19436081989049,1073.3788,train
115,CCT4,0.21705275774002075,0.9585252239324876,365.14739556940725,4.8742275,547.3259,0.9748455844819546,0.9731903932988644,30.4521427154541,inf,77.67650992514301,927.33295,train
116,RSL1D1,0.20457792282104492,0.9471565809341052,355.56791506258685,4.057758,532.0773,0.9330885335803032,0.9327722787857056,29.507909774780273,inf,75.51501953547641,870.7167,train
117,AATF,0.2369987666606903,0.9882317603954723,373.3233667005545,4.149187,561.03174,0.966847587376833,0.9677679799497128,30.348188400268555,inf,78.46307672687708,921.01245,train
118,BCR,0.24656710028648376,0.9457913263307881,354.93930559829323,4.1643915,545.98206,0.9550217874348164,0.954654935747385,30.880935668945312,inf,78.35188063112841,953.6322,train
119,RPS24,0.2566263675689697,0.954125297052652,363.5385427808671,3.6576667,553.7578,0.9308699443936348,0.931392140686512,30.20326042175293,inf,77.77879907628783,912.23694,train
120,RPL18,0.25584691762924194,0.9785480922817931,366.6420399173684,3.70322,566.3782,0.9657853730022907,0.9663588032126427,30.933574676513672,inf,79.63168324991213,956.886,train
121,RUVBL1,0.2962054908275604,1.001649298225318,362.20401728418943,4.011152,560.0272,1.0080462079495192,1.0076331100426614,31.118732452392578,inf,79.63935264990322,968.3754,train
122,MED11,0.29542070627212524,1.0737099074243925,377.8776202755859,5.34569,581.9749,1.052100121974945,1.0515203103423119,31.980152130126953,inf,82.06866262207019,1022.7301,train
123,PHB2,0.30162087082862854,1.0119568291557057,367.95676121397963,5.1190434,591.3096,1.0149726867675781,1.0140165789052844,32.71102523803711,inf,83.7650641062094,1070.0111,train
124,POLR1E,0.21093231439590454,0.9358402684987983,359.3513625111503,4.3289986,541.05444,0.9356329962611198,0.9363967552781105,30.147146224975586,inf,76.97247064267265,908.85046,train
125,NUP98,0.2062762975692749,0.9954458191045575,369.4542963996864,5.31469,560.25507,0.987703931517899,0.9888987392187119,30.93900489807129,inf,79.26012732591605,957.22205,train
126,TEFM,0.2121850550174713,0.96865118638308,363.1540974581743,4.7035947,563.9552,0.975523104891181,0.9754738975316286,31.215599060058594,inf,79.94340554215351,974.4136,train
127,RPS11,0.25024640560150146,1.0153099848609615,371.2154624691341,4.4374943,577.001,1.0105493068695068,1.0111024575307965,31.68528938293457,inf,81.30686106635953,1003.9576,train
128,UBA1,0.2519081234931946,0.935299566971716,353.97258344232034,4.6779547,538.80115,0.9462696649134159,0.945680782198906,30.11647605895996,inf,76.8287446732145,907.0022,train
129,EIF4G2,0.19506871700286865,1.0316653767291453,368.94125874349686,4.020246,573.2562,1.0481801964342594,1.0485480092465878,32.1185417175293,inf,81.75002965966047,1031.6008,train
130,KRR1,0.2618332803249359,1.0253265155320195,371.46570929477787,4.32015,572.395,1.021524766460061,1.0218317303806543,31.259014129638672,inf,80.58355716117573,977.126,train
131,RPL3,0.19166985154151917,0.9695155951291741,361.39330710476975,4.9553175,547.083,0.9734335467219353,0.9733842965215445,30.310274124145508,inf,77.47605626145038,918.71265,train
132,EIF2S1,0.2775818109512329,0.9986806120481975,370.4815423852775,4.1521635,565.31866,0.9912527864798903,0.9910468198359013,31.186809539794922,inf,79.85869991672584,972.61707,train
133,RPL19,0.2959830164909363,0.9713636056301895,364.3836080777512,3.6943295,546.11206,0.9500727839767933,0.9485313966870308,29.81307601928711,inf,76.83298761558278,888.8196,train
134,IARS2,0.2100433111190796,0.9594143616930713,362.05139880132396,4.4070344,555.7346,0.9462372586131096,0.9457427337765694,30.592777252197266,inf,78.54060726143312,935.9181,train
135,RPS15A,0.26168277859687805,0.971927915607862,368.58833871394353,5.187579,552.96497,0.9589881300926208,0.962102897465229,30.587766647338867,inf,78.05119441285399,935.61145,train
136,KPNB1,0.20749619603157043,1.0326270646967743,372.6243497850983,4.320123,585.8071,1.0303570069372654,1.0298116002231836,32.10160827636719,inf,82.58933374282748,1030.5132,train
137,PHF5A,0.2523694336414337,0.9462168420579141,353.8379563800173,4.1484075,538.3341,0.9475841335952282,0.9479905478656292,29.723308563232422,inf,76.11711577820626,883.4751,train
138,SF3B4,0.21862375736236572,0.953968862573356,369.8466862731163,4.0455885,548.42883,0.9410220421850681,0.941371351480484,29.881547927856445,inf,76.88319770321634,892.907,train
139,EIF3M,0.21096588671207428,1.0120688475401187,369.98468164029794,4.4159775,582.1211,1.0221054758876562,1.021905791014433,32.22916793823242,inf,82.39882199478559,1038.7192,train
140,SMC4,0.2083977460861206,1.0133708626899447,369.0717823023386,3.969414,563.6527,1.0085506411269307,1.0079831816256046,31.092754364013672,inf,79.787852835157,966.7594,train
141,SSRP1,0.25852683186531067,0.9612846010238125,357.4825139855588,4.6783533,550.25116,0.9854479366913438,0.986130547709763,30.790302276611328,inf,78.41770346392781,948.0428,train
142,ORC1,0.20172974467277527,1.0541153347384695,373.6722336682453,5.4574213,570.64276,1.0674628466367722,1.067493163049221,31.802202224731445,inf,81.13768655034713,1011.38,train
143,HNRNPC,0.2290792465209961,1.0035544955172266,364.8669961366275,3.830544,575.5053,1.0032690982334316,1.0041490155272186,31.673505783081055,inf,81.32973374112865,1003.21106,train
144,PTCD1,0.20195415616035461,0.9544571334033752,355.9402843199661,4.2457104,529.29193,0.9687263257801533,0.9688574876636267,29.861003875732422,inf,75.83454854099365,891.67957,train
145,SFPQ,0.26421481370925903,0.9773053560738099,364.51835962128825,3.9356863,563.7397,0.9820069074630737,0.9818744603544474,30.942119598388672,inf,79.55376455229919,957.4148,train
146,SNAPC3,0.19702860713005066,0.9598846238350176,363.0629241798032,4.844419,544.1294,0.968533132225275,0.9682742953300476,30.473432540893555,inf,77.53174174397434,928.6301,train
147,POLA1,0.20352903008460999,0.989263466943368,365.9284138701357,3.5622962,564.8331,0.9761299341917038,0.9763064440339804,30.63018798828125,inf,79.17398701121388,938.2084,train
148,DDX41,0.26895472407341003,1.0138855104927724,376.2559811856461,3.7800815,563.98035,0.9798123929649591,0.9781349431723356,30.521047592163086,inf,78.88269565294992,931.5344,train
149,SIN3A,0.1952240765094757,0.9678877685568934,358.8208961390269,4.212655,555.5069,0.9923595143482089,0.9922293955460191,30.853374481201172,inf,78.91237115212397,951.93066,train
150,WBP11,0.20408214628696442,0.954722578300506,356.27371207828435,4.609378,555.11194,0.985443290323019,0.9835308864712715,31.164880752563477,inf,79.29093391038427,971.2499,train
151,RPA3,0.23715992271900177,1.017017084621163,375.0519403723112,4.6484585,568.97656,1.0117947831749916,1.0125558907166123,31.189393997192383,inf,80.07367666528633,972.77826,train
152,RPL24,0.25288406014442444,0.9657344671521013,357.64654272676955,3.9675472,559.22705,0.9757105596363544,0.9761616103351116,30.99602699279785,inf,79.41193157531457,960.7537,train
153,RBM14,0.2306249588727951,0.9187633809977568,355.48734126914854,4.6327143,554.4181,0.9475295767188072,0.9470688216388226,31.00421142578125,inf,79.0617999529098,961.2611,train
154,SLC7A5,0.19287118315696716,0.9989156676496777,367.788001127123,4.1761885,558.54297,1.016305573284626,1.0168054904788733,31.045793533325195,inf,79.26818029982368,963.8413,train
155,NIP7,0.20723913609981537,1.0271685028519075,374.8572254511138,4.2128863,575.0679,1.0442096777260303,1.044012613594532,31.49176597595215,inf,81.00734213686368,991.7313,train
156,CHEK1,0.1928805559873581,1.0120660541781523,365.76976058484536,4.7876587,580.99243,1.023101195693016,1.0233087372034788,32.1435546875,inf,82.20856545729264,1033.208,train
157,POLRMT,0.2198587954044342,1.037206019769108,372.96765697592,4.6524744,571.94025,1.0398945435881615,1.0410332791507244,31.492298126220703,inf,80.7036223150134,991.7649,train
158,DNTTIP2,0.2764991223812103,1.0026070492363226,367.2992996096648,4.0919313,572.3644,1.0180023778229952,1.0198334380984306,31.82398796081543,inf,81.30779516836017,1012.7663,train
159,RPL4,0.26659440994262695,1.0081918950766635,367.88088559796995,4.536911,570.5978,1.0033978663850576,1.0027445119339973,31.498701095581055,inf,80.65746095617044,992.16815,train
160,POLR2I,0.24098747968673706,0.9889378234862571,368.34809292929697,4.2094817,564.02344,0.9832536652684212,0.9823536667972803,30.891681671142578,inf,79.44995354936724,954.2959,train
161,RPL5,0.22317446768283844,0.9362771559607905,362.58094830982674,4.8979874,549.4763,0.9480641260743141,0.9486995749175549,30.550851821899414,inf,77.85807615342115,933.3545,train
162,COPZ1,0.2081538885831833,0.9772263511216298,365.9459753853728,3.9935524,569.02747,0.9662859365344048,0.9650131426751614,31.284177780151367,inf,80.3874218032262,978.69977,train
163,PRPF6,0.21731364727020264,1.0024866498519078,369.9275429605709,4.850852,562.7225,0.9871549149975181,0.986602183431387,30.558652877807617,inf,78.82519780414634,933.83136,train
164,DNAJC19,0.24507951736450195,0.9984068357240541,368.6075208942067,4.2679024,560.0071,0.9966774103231728,0.9965967915486544,30.819257736206055,inf,79.0382810872568,949.82666,train
165,LTV1,0.25599849224090576,0.9698093649471702,360.186437622549,4.255953,543.95496,0.9553652107715607,0.9559995569288731,30.296783447265625,inf,77.3700376849406,917.89514,train
166,FCF1,0.2738950252532959,0.9821947063131602,362.2781090191803,5.0021057,558.3954,0.9896340491250157,0.9903684444725513,31.103618621826172,inf,79.38835045691991,967.4352,train
167,TSR2,0.2869512736797333,1.0446047486637693,369.3063580204007,4.3165097,586.0658,1.062226377427578,1.0621739849448204,32.54001235961914,inf,83.26659264130971,1058.8525,train
168,PSMC1,0.27742111682891846,0.9508735599301393,362.57441694593183,4.266491,559.0913,0.9382049851119518,0.9375945553183556,30.44063949584961,inf,78.51558692914351,926.63257,train
169,TIMM9,0.19302091002464294,1.0254880094460304,361.2395168973211,4.586289,571.4605,1.0360877737402916,1.0365902222692966,32.25811767578125,inf,81.86169884883671,1040.5863,train
170,TRMT112,0.22601188719272614,0.9865219459395356,366.2059841696364,4.586907,553.04565,0.9703201968222857,0.9712337050586939,30.433263778686523,inf,78.00496440180396,926.1836,train
171,GOLT1B,0.20268625020980835,0.8853207695031288,353.6971758035264,4.308459,531.1831,0.8814035728573799,0.8802167698740959,29.411144256591797,inf,75.2333421154603,865.0154,train
172,SON,0.24036476016044617,1.0406150845606632,372.16713094568,4.376588,579.6191,1.0446285046637058,1.0450680367648602,31.981231689453125,inf,81.93169280484999,1022.7992,train
173,PAF1,0.3129810094833374,1.0230067501050581,372.4991256117004,4.6352882,587.3021,1.0281612202525139,1.0256938766688108,32.407718658447266,inf,82.9293164705346,1050.2601,train
174,BAP1,0.20832619071006775,0.941298002204794,358.7785414672959,5.294899,566.0145,0.9583651833236217,0.9585930667817593,31.41373062133789,inf,80.31084216794648,986.8225,train
175,POLR2E,0.19206954538822174,0.9778886667687708,367.48559906953074,3.7859643,540.7898,0.9511787109076977,0.9516144059598446,29.29946517944336,inf,75.68810975981008,858.4586,train
176,RPL21,0.2418074756860733,1.0016676522654004,365.3545487163435,4.488348,578.7028,1.0094796251505613,1.010018047876656,32.200096130371094,inf,82.20119637931411,1036.8463,train
177,MED1,0.31080955266952515,0.9262800585997925,357.5155128562492,3.7576005,532.59906,0.9261916801333427,0.9263488352298737,29.73549461364746,inf,75.88081855667706,884.1996,train
178,KAT8,0.20926547050476074,1.0572898035816365,374.8672614735,3.90141,567.833,1.0376455374062061,1.03887178003788,31.174253463745117,inf,80.05927503994674,971.834,train
179,DHX37,0.22218787670135498,0.9992307728863189,363.7548532874555,4.583873,566.099,1.0143372248858213,1.013872867450118,31.482200622558594,inf,80.39895325116359,991.1289,train
180,MED7,0.3701663315296173,1.0313485626010943,373.8730245187048,4.742071,576.0255,1.0123814875259995,1.014530654065311,31.774194717407227,inf,81.4003935560028,1009.5995,train
181,RPS19,0.27865657210350037,1.0461573689905193,368.7124458632334,4.2689934,561.7943,1.0674718022346497,1.0666055902838707,31.470651626586914,inf,80.15345103948373,990.402,train
182,RAD51,0.2173759639263153,0.9238695037740642,351.2098019869398,5.237974,534.83496,0.9427587985992432,0.9431360252201557,30.045875549316406,inf,76.29648569104417,902.75464,train
183,MED12,0.4331316351890564,0.993185867066603,362.9134412769861,5.1202965,576.45026,1.0049459147267044,1.0038924601394683,32.096405029296875,inf,81.89829799369794,1030.1792,train
184,DYNC1I2,0.20005470514297485,0.9272713282954267,359.50498721256827,4.0475073,534.32434,0.9283464998006821,0.9280247986316681,29.44841957092285,inf,75.49385342778204,867.2095,train
185,MED30,0.42457646131515503,0.9640423670728423,358.4482648041469,4.794595,541.96387,0.960224099457264,0.9607846587896347,30.15464973449707,inf,76.9739640382248,909.303,train
186,PRPF18,0.252733051776886,1.0172727823764574,369.6298864701902,4.9214163,565.7991,1.04149005189538,1.0399708077311516,31.509593963623047,inf,80.43150550191125,992.85455,train
187,CEP192,0.19292116165161133,1.034709002432256,365.9113904064228,4.19503,588.60913,1.0465440303087234,1.0461715273559093,32.1445426940918,inf,82.8485068563184,1033.2716,train
188,PSMD6,0.2436518520116806,1.0133132112388261,372.03242108902293,4.420068,572.2272,1.013972494751215,1.0141592919826508,31.65263557434082,inf,80.94570125792319,1001.88934,train
189,SLC39A9,0.19605231285095215,0.9121902155001905,345.98396185215023,3.796494,536.2158,0.9377462640404701,0.9386114068329334,30.282413482666016,inf,76.83368857180946,917.02454,train
190,CNOT1,0.2528352439403534,0.9617712392181329,362.04127312252126,4.135414,557.0892,0.9826818984001875,0.9835405983030796,30.922033309936523,inf,79.02613814332898,956.1721,train
191,GPS1,0.2064926028251648,0.9827896451082094,357.39223387166913,4.287604,557.7702,0.998458041343838,0.9992551917675883,31.111557006835938,inf,79.39332817278621,967.9289,train
192,DYNC1H1,0.20870354771614075,0.9988854915803655,370.46876426395613,4.3463564,581.4354,0.9804150443524122,0.9805070348083973,31.98633575439453,inf,82.13230061147998,1023.1257,train
193,WDR3,0.234127938747406,0.968104011725028,366.4101809746009,3.760484,556.8802,0.959215022623539,0.9592173099517822,30.368457794189453,inf,78.20229077251507,922.2432,train
194,GUCD1,0.21457508206367493,0.9855193531985227,359.16060344300377,4.536295,552.12726,0.9969679939094931,0.9956040009856224,31.07621192932129,inf,78.86780082806219,965.7309,train
195,NFRKB,0.2146962285041809,0.941019643343205,363.14659902060527,4.3250437,544.9429,0.9476707987487316,0.9472398236393929,29.907623291015625,inf,76.84974470028862,894.46594,train
196,PRPF4B,0.20656819641590118,1.0156139128766286,366.76438741022594,3.9466314,562.64923,1.0200900007039309,1.021020408719778,31.227588653564453,inf,79.8273745916063,975.16235,train
197,RPS3,0.2744354009628296,0.9870666448465025,364.3561466599387,4.2136497,559.5079,1.0025069266557693,1.0010210651671514,31.124269485473633,inf,79.50637165519672,968.7202,train
198,RPL26,0.2658681273460388,0.9408829775679451,359.10647483804667,4.5741735,544.38525,0.955125879496336,0.9545334577560425,30.663896560668945,inf,77.83593042304004,940.27454,train
199,CSE1L,0.2830648720264435,0.9244623986218313,365.79932617956615,4.9116755,548.3147,0.9415966905653477,0.9411218278110027,30.07171058654785,inf,77.23363183565746,904.3078,train
200,HSPA9,0.3936203420162201,0.9672509423002157,366.5333120240332,4.5516376,561.55664,0.9676210135221481,0.9679028131067753,31.14887237548828,inf,79.58970019134983,970.2523,train
201,INTS2,0.3310486972332001,1.0002744533271217,368.32804922836715,4.1995015,568.28143,0.9916780907660723,0.9913363186642528,31.01515769958496,inf,79.8975167627904,961.94006,train
202,SLC25A10,0.19789338111877441,1.0745061463746608,375.1753407889926,4.0246615,577.1481,1.0595284849405289,1.057827714830637,32.05910110473633,inf,81.91070270380908,1027.7861,train
203,RPS9,0.2300664782524109,0.9451570337558758,357.20241648058067,3.959142,557.2411,0.9567847400903702,0.9557917565107346,30.84535789489746,inf,79.00863381881064,951.4361,train
204,QARS,0.30856648087501526,0.9962190726928608,368.1140926957044,4.3998194,557.1382,0.983647970482707,0.9834100976586342,30.748722076416016,inf,78.82202628943703,945.4839,train
205,RIOK1,0.24535204470157623,1.0207970359040113,362.4944837584005,4.3281784,569.9092,1.0211322326213121,1.0197358913719654,31.779001235961914,inf,81.10919805033153,1009.90497,train
206,RPLP2,0.23281289637088776,0.9836236121606556,367.7880244217224,4.645112,555.8142,0.9836510084569454,0.9847815549001098,30.624675750732422,inf,78.44645149449349,937.8707,train
207,CTR9,0.3137582838535309,1.055321086988032,380.6118424569221,4.2656875,596.7085,1.0411336869001389,1.0418361127376556,32.285091400146484,inf,83.46575807264473,1042.3271,train
208,PHAX,0.20163127779960632,1.0379770104247263,367.990110323631,4.376444,581.8166,1.035437349230051,1.0362867079675198,31.953514099121094,inf,82.07430845382568,1021.02704,train
209,CPSF3,0.24354463815689087,1.0338913874180888,367.9949319155859,4.479266,577.96405,1.0407002493739128,1.040635146200657,31.987892150878906,inf,81.86351573358988,1023.2252,train
210,EIF3H,0.21202823519706726,0.9982625889509901,365.87623846294025,4.0643787,564.5747,1.014585331082344,1.0152983414009213,31.13069725036621,inf,79.83988451136229,969.12024,train
211,RPS12,0.2754901647567749,0.9566481508058863,361.25432106992383,3.8988848,546.5925,0.9398597590625286,0.940078716725111,30.072654724121094,inf,77.12401819821858,904.36456,train
212,OXA1L,0.20417839288711548,1.0030011650623265,362.0040149422314,5.170083,560.9895,1.0287541560828686,1.0278385523706675,31.401756286621094,inf,79.93401675575308,986.07025,train
213,GPN3,0.29813098907470703,1.0552649608126887,372.29657366475556,3.9987898,563.796,1.0641449242830276,1.065166912972927,30.896217346191406,inf,79.4582890436963,954.5763,train
214,CHMP6,0.202209010720253,0.942855429449772,362.5220762129634,5.2675867,552.0204,0.9514826200902462,0.9506146311759949,30.556568145751953,inf,78.12487801029208,933.7038,train
215,HSPA5,0.27882957458496094,0.9350125051013766,353.09096568860554,3.9865994,534.4011,0.9350712820887566,0.9349586740136147,29.58836555480957,inf,75.76079287382115,875.47144,train
216,VARS,0.2558140754699707,1.0344847134800317,372.5600211730845,4.3695025,580.7247,1.0347826182842255,1.03427804261446,32.31476593017578,inf,82.46039221420591,1044.2441,train
217,U2SURP,0.23567047715187073,1.011258072595999,370.76877711782436,4.1812983,570.7224,0.9871752448379993,0.9882510453462601,31.2171573638916,inf,80.36146961647614,974.51086,train
218,EIF3A,0.25384703278541565,0.9470052176423165,349.66439815607094,4.359126,543.8257,0.9795973934233189,0.9814242012798786,30.586078643798828,inf,77.76080885377513,935.5083,train
219,SUPT5H,0.4666244685649872,0.9249903801177318,357.05686514722834,3.9818468,536.931,0.9342482835054398,0.9335138350725174,30.123497009277344,inf,76.64306846544555,907.4251,train
220,BDP1,0.20082758367061615,1.0157694723110078,378.17121331716146,4.5232787,581.4761,1.0012894133105874,1.0012385481968522,31.845237731933594,inf,81.79239932450797,1014.1192,train
221,MAGOH,0.22402700781822205,1.0146432550224493,368.6874917180336,5.6101303,574.10443,1.0182218458503485,1.0174766927957535,31.74403953552246,inf,81.23438636804497,1007.684,train
222,RPS28,0.23385855555534363,1.0456297174003693,374.4627383598498,4.920011,552.16187,1.0298329833894968,1.0300175286829472,30.515056610107422,inf,78.06011546825428,931.1687,train
223,DHX36,0.2091360092163086,0.9339508773994317,354.08153063030954,4.3979263,557.5337,0.9325343444943428,0.9327397719025612,30.76378631591797,inf,78.85359193439751,946.4105,test
224,NDC80,0.1986463963985443,0.9598163159125355,370.40275276069195,4.3236494,552.13446,0.9496672116219997,0.9488252736628056,30.37161636352539,inf,77.906442693434,922.43506,test
225,MRPS35,0.19589689373970032,0.9959293573492881,362.48844916596585,4.2506886,563.3998,0.9930711169727147,0.9943309682421386,31.28035545349121,inf,79.97007160403967,978.4606,test
226,POLD1,0.24192485213279724,0.9950448077098738,362.41720397203767,3.9140196,552.6729,0.9866750622168183,0.9865032956004143,30.913402557373047,inf,78.7374901517485,955.6384,test
227,RPL9,0.23327907919883728,0.987379807012672,363.24975868094054,4.647749,569.47595,1.0001647740282351,1.0001610992476344,31.590824127197266,inf,80.77667433802257,997.9802,test
228,WDR12,0.22245973348617554,1.0760174728265142,381.8281376904795,3.7257671,580.9634,1.0596742741763592,1.0591357611119747,31.483118057250977,inf,81.29909472553457,991.18665,test
229,ABCF1,0.19788184762001038,1.018321632514759,365.0271191465815,4.283395,555.8695,1.0007058101473376,1.0012536899885163,31.228086471557617,inf,79.43733535360371,975.1934,test
230,RPL23,0.28913453221321106,0.9528033880824663,359.5293025069675,4.524683,546.6571,0.972350874915719,0.9718209207057953,30.579282760620117,inf,77.89026992979257,935.0926,test
231,RPL10,0.23885197937488556,0.9657128812492288,366.4788978563219,4.6041765,565.2831,0.9704388324171305,0.9704426974058151,31.229808807373047,inf,79.82387692141448,975.301,test
232,MAK16,0.23472248017787933,0.9936322779843778,358.86011495062627,4.498884,554.5642,1.0162109080702066,1.0163980051875114,31.057905197143555,inf,79.02438505174624,964.5935,test
233,ABCE1,0.2532973885536194,0.9779583766085996,360.81970653575627,4.5470552,552.1519,0.9863912872970104,0.987502209842205,31.190940856933594,inf,79.08060703625996,972.8749,test
234,RPAP2,0.2514846622943878,0.935071994781623,361.9413889797032,4.226858,543.2401,0.9406813010573387,0.941719014197588,30.036283493041992,inf,76.85079833957549,902.17834,test
235,SRRT,0.27420690655708313,0.9890262128086292,369.35761419967685,4.833971,556.7435,0.9754828289151192,0.9761504903435707,30.806964874267578,inf,78.84475254105075,949.0691,test
236,ANKRD11,0.19799701869487762,0.9890972653389536,362.3480612719899,3.907979,563.18634,0.9975956699345261,0.9969132477417588,31.060117721557617,inf,79.73713477444977,964.7309,test
237,CASP8AP2,0.2525101602077484,0.9306833167959397,359.6299211411895,4.4005203,539.44727,0.9460989236831665,0.9455825313925743,30.10106658935547,inf,76.74768847140685,906.0742,test
238,RPL31,0.3168566823005676,1.0103594177824673,359.5554378065294,4.3253813,567.0957,1.0132329650223255,1.012546637095511,31.801490783691406,inf,80.93818898053414,1011.3347,test
239,SUPT6H,0.4417482614517212,1.0011367349504285,362.5506974725653,4.6708,578.95435,1.023602943867445,1.024029478430748,32.20359802246094,inf,82.20051869477938,1037.0715,test
240,RPL34,0.26771435141563416,1.0045916628982687,370.26664321722944,4.546282,553.20483,1.0092334477230906,1.0090605281293392,30.423980712890625,inf,78.02582395811316,925.61865,test
241,CDC27,0.19771097600460052,0.9753196549491491,356.4502306565636,4.7041426,562.4678,0.9811295531690121,0.9805342312902212,31.303361892700195,inf,79.91015319441267,979.9005,test
242,DHX15,0.2782188653945923,1.0369684242710262,363.7735402086771,4.4863787,556.5708,1.0380150489509106,1.0382019095122814,31.183530807495117,inf,79.36297994815193,972.4126,test
243,PMPCB,0.22480130195617676,1.1102846867182443,386.92532817090296,4.323637,580.8362,1.088384948670864,1.0871826857328415,31.718395233154297,inf,81.67264608541099,1006.05664,test
244,ATP6V1B2,0.20638948678970337,0.941662482526177,363.9988995711549,3.5503223,550.8966,0.9170946627855301,0.9183727726340294,29.97951889038086,inf,77.35070456697952,898.7715,test
245,PSMB5,0.20286543667316437,1.003603876409298,367.7458910222946,4.5370784,565.945,0.9935478027909994,0.9929781067185104,30.873870849609375,inf,79.55093606662385,953.196,test
246,RPL32,0.23261618614196777,0.9071673916707549,355.7264287851759,4.047688,528.99207,0.8763105571269989,0.8749260008335114,29.0395450592041,inf,74.57251303408373,843.29517,test
247,RPL8,0.26026564836502075,1.0556241825262385,370.9694895490695,4.7894864,567.03015,1.0563216879963875,1.055858239531517,31.491910934448242,inf,80.51023620300049,991.7405,test
248,DDX46,0.20583707094192505,1.0753959486684295,382.2323297082079,3.9759622,591.5973,1.0471963845193386,1.0474438332021236,32.15435028076172,inf,82.96711779090957,1033.9022,test
249,MCM10,0.21039588749408722,1.0349007762170965,376.5052184243188,4.826149,593.8616,1.034909002482891,1.0326250977814198,32.363365173339844,inf,83.38315898282788,1047.3875,test
250,TUBGCP2,0.2008264660835266,1.0034991659995331,364.6628579212263,4.1512938,556.3441,1.0153056103736162,1.0145252365618944,30.9313907623291,inf,79.10481042908026,956.751,test
251,NUP160,0.21108801662921906,1.0383951410279821,374.21193014841526,3.8971393,564.83844,1.014642620459199,1.0141139291226864,30.767601013183594,inf,79.27833505608004,946.64526,test
252,RPL10A,0.25625213980674744,0.950534743914429,362.42769998536016,4.1273594,557.3695,0.9539354369044304,0.9541831016540527,30.584579467773438,inf,78.56209337305174,935.4165,test
253,SDAD1,0.22183626890182495,0.9690901204042178,365.60721232990375,4.4778857,554.65173,0.9780493211001158,0.9786395356059074,30.552669525146484,inf,78.40128021670813,933.46564,test
254,RPS7,0.27492833137512207,1.0543797410947309,371.4369943315159,4.31197,587.4509,1.0499235279858112,1.049451533704996,32.174373626708984,inf,82.72039821963064,1035.1902,test
255,PSMD1,0.19369661808013916,1.0209619881895249,369.45106818855044,4.017814,554.7936,0.9888032851740718,0.9891924960538745,30.28720474243164,inf,78.02495793661276,917.3148,test
256,YEATS4,0.21296143531799316,0.9648165721873408,359.55347028586635,3.914615,538.40027,0.9757816027849913,0.9764758124947548,29.751846313476562,inf,76.26862593119338,885.17236,test
257,CDK1,0.20369687676429749,0.9479359774542843,369.1810426456457,4.1556025,548.1461,0.9315377771854401,0.9331949353218079,29.827547073364258,inf,76.85589469548907,889.68256,test
258,COG2,0.19518199563026428,1.0183155969342959,363.24863077746414,4.1063013,568.6603,1.0276222415268421,1.0263385362923145,31.546308517456055,inf,80.82578881813659,995.16956,test
259,GTF2H1,0.23236218094825745,1.0070537636707309,371.08823652224015,5.357256,587.85583,1.0098069161176682,1.0097842579707503,32.5539436340332,inf,83.17193782557392,1059.7593,test
260,NIFK,0.2351580262184143,0.9268015144436036,354.37251620670463,5.0092325,547.138,0.9337853267788887,0.9341319873929024,30.5391902923584,inf,77.79765450901354,932.6422,test
261,HARS,0.27454084157943726,1.0716608520053692,373.6519210275899,3.9296105,567.8932,1.0601682215929031,1.0595647543668747,31.353193283081055,inf,80.35297229220984,983.0227,test
262,RPL6,0.29421353340148926,0.9654585509245266,358.2835148075647,5.245383,563.774,0.9886988205835223,0.988896144554019,31.79230499267578,inf,80.75315747580387,1010.7507,test
263,ICE1,0.207818865776062,0.9919457588042543,363.266955679286,3.8863392,553.6162,0.9963433824013919,0.9950490249320865,30.876564025878906,inf,78.81698473299227,953.3622,test
264,POLR2D,0.20925858616828918,0.9725814000555448,364.08819931662487,3.8992643,569.14703,0.9767366610467434,0.9765083454549313,31.120729446411133,inf,80.06686936439549,968.49976,test
265,TRA2B,0.21029040217399597,1.121239963192027,386.6324064317211,4.9892063,592.72327,1.0857734233140945,1.0855878069996834,32.076942443847656,inf,82.78516705130744,1028.9302,test
266,MZT1,0.20314641296863556,1.0184193844443648,376.2066512038903,4.7725267,564.0773,1.018046222627163,1.0182376895099878,31.112764358520508,inf,79.61666711853725,968.0041,test
267,RPL37A,0.20392176508903503,0.9706313149025418,363.90484951803205,4.692967,571.2198,0.9536285102367401,0.9546994082629681,31.01543426513672,inf,79.98391254060851,961.95715,test
268,ZMAT2,0.20444560050964355,1.014618047498905,372.39151989401006,4.574808,564.4249,0.9997610596183222,0.9997363783768378,31.19271469116211,inf,79.80757166627255,972.9855,test
269,FAM32A,0.20485453307628632,1.0644735633202458,374.63291873085103,4.73848,593.40717,1.056046113371849,1.0570383369922638,32.552520751953125,inf,83.56829852523695,1059.6667,test
270,NUP107,0.21950426697731018,1.090439872812171,374.54415366228864,4.838225,586.7202,1.0789448395371437,1.0774557664990425,32.659507751464844,inf,83.34300517721303,1066.6436,test
271,POLA2,0.229250967502594,1.0098795017747992,365.7465002508491,4.2498493,576.4449,1.0274724662303925,1.027375902980566,31.83282470703125,inf,81.63933794464023,1013.3288,test
272,UBL5,0.23335283994674683,1.029179460740471,370.28942469953677,4.1405287,567.53613,1.0174120645970106,1.0177713669836521,31.369081497192383,inf,80.33564489213778,984.0193,test
273,PCF11,0.20611995458602905,0.9433903326581086,360.7329215421993,4.9612646,533.4286,0.9674209430813789,0.9677872434258461,30.174924850463867,inf,76.41807267774104,910.526,test
274,YEATS2,0.2081974446773529,1.060271466967364,377.1070485647672,5.44071,588.3002,1.0364059060811996,1.0360296629369259,32.181278228759766,inf,82.7365391230155,1035.6348,test
275,FTSJ3,0.22359400987625122,1.0104985938913253,372.0492268384626,4.2305665,551.73553,1.001612855005078,1.0013374557020143,30.542829513549805,inf,78.10185849769513,932.8645,test
276,RPA1,0.2096899449825287,0.9863550632406896,371.7370215253182,4.6368675,547.8093,0.9833015706390142,0.9839276485145092,30.27308464050293,inf,77.50212665707129,916.45966,test
277,RRM2,0.19437381625175476,1.0802138448936107,379.17548648436843,3.8630874,570.92346,1.0662572160363197,1.0640431568026543,31.81144905090332,inf,81.2043344405072,1011.96826,test
278,CCT3,0.2150442749261856,0.9417916356171624,364.338626453322,4.512051,536.2045,0.9269300550222397,0.9269371852278709,29.730998992919922,inf,75.92918516653509,883.93225,test
